"Com_autonoma";"Año";"Suma de Importe €";"sexo"
"Andalucía";2008;"20138.56";"Ambos sexos"
"Andalucía";2008;"22108.57";"Hombres"
"Andalucía";2008;"17298.33";"Mujeres"
"Andalucía";2009;"20906.33";"Ambos sexos"
"Andalucía";2009;"22908.86";"Hombres"
"Andalucía";2009;"18371.23";"Mujeres"
"Andalucía";2010;"20964.36";"Ambos sexos"
"Andalucía";2010;"23463.96";"Hombres"
"Andalucía";2010;"17921.33";"Mujeres"
"Andalucía";2011;"21350.98";"Ambos sexos"
"Andalucía";2011;"23815.22";"Hombres"
"Andalucía";2011;"18389.21";"Mujeres"
"Andalucía";2012;"20891.63";"Ambos sexos"
"Andalucía";2012;"23592.08";"Hombres"
"Andalucía";2012;"17828.44";"Mujeres"
"Andalucía";2013;"20782.03";"Ambos sexos"
"Andalucía";2013;"23565.36";"Hombres"
"Andalucía";2013;"17690.19";"Mujeres"
"Andalucía";2014;"20840.3";"Ambos sexos"
"Andalucía";2014;"23541.32";"Hombres"
"Andalucía";2014;"17576.13";"Mujeres"
"Andalucía";2015;"21381.03";"Ambos sexos"
"Andalucía";2015;"24200.2";"Hombres"
"Andalucía";2015;"18340.96";"Mujeres"
"Andalucía";2016;"21268.41";"Ambos sexos"
"Andalucía";2016;"24026.82";"Hombres"
"Andalucía";2016;"18177.37";"Mujeres"
"Andalucía";2017;"21404.28";"Ambos sexos"
"Andalucía";2017;"24175.52";"Hombres"
"Andalucía";2017;"18287.29";"Mujeres"
"Andalucía";2018;"21805.92";"Ambos sexos"
"Andalucía";2018;"24712.69";"Hombres"
"Andalucía";2018;"18672.11";"Mujeres"
"Andalucía";2019;"22060.99";"Ambos sexos"
"Andalucía";2019;"24527.67";"Hombres"
"Andalucía";2019;"19391.52";"Mujeres"
"Andalucía";2020;"22323.85";"Ambos sexos"
"Andalucía";2020;"24785.82";"Hombres"
"Andalucía";2020;"19517.52";"Mujeres"
"Andalucía";2021;"23154.99";"Ambos sexos"
"Andalucía";2021;"25464.78";"Hombres"
"Andalucía";2021;"20427.8";"Mujeres"
"Andalucía";2022;"24094.32";"Ambos sexos"
"Andalucía";2022;"26189.5";"Hombres"
"Andalucía";2022;"21729.48";"Mujeres"
"Aragón";2008;"21594.47";"Ambos sexos"
"Aragón";2008;"24272.36";"Hombres"
"Aragón";2008;"17843.46";"Mujeres"
"Aragón";2009;"22133.77";"Ambos sexos"
"Aragón";2009;"24787.81";"Hombres"
"Aragón";2009;"18861.82";"Mujeres"
"Aragón";2010;"22316.69";"Ambos sexos"
"Aragón";2010;"25263.29";"Hombres"
"Aragón";2010;"18843.25";"Mujeres"
"Aragón";2011;"22333.53";"Ambos sexos"
"Aragón";2011;"25258.68";"Hombres"
"Aragón";2011;"18831.38";"Mujeres"
"Aragón";2012;"22103.79";"Ambos sexos"
"Aragón";2012;"25766.27";"Hombres"
"Aragón";2012;"18042.28";"Mujeres"
"Aragón";2013;"22054.85";"Ambos sexos"
"Aragón";2013;"25128.91";"Hombres"
"Aragón";2013;"18701.61";"Mujeres"
"Aragón";2014;"22095.79";"Ambos sexos"
"Aragón";2014;"25118.61";"Hombres"
"Aragón";2014;"18764.63";"Mujeres"
"Aragón";2015;"22327.18";"Ambos sexos"
"Aragón";2015;"25555.56";"Hombres"
"Aragón";2015;"18950.17";"Mujeres"
"Aragón";2016;"22248.76";"Ambos sexos"
"Aragón";2016;"25326.91";"Hombres"
"Aragón";2016;"18766.21";"Mujeres"
"Aragón";2017;"23039.94";"Ambos sexos"
"Aragón";2017;"25878.46";"Hombres"
"Aragón";2017;"19677.22";"Mujeres"
"Aragón";2018;"23531.83";"Ambos sexos"
"Aragón";2018;"26640.59";"Hombres"
"Aragón";2018;"20074.25";"Mujeres"
"Aragón";2019;"23565.09";"Ambos sexos"
"Aragón";2019;"26404.73";"Hombres"
"Aragón";2019;"20360.25";"Mujeres"
"Aragón";2020;"24113.57";"Ambos sexos"
"Aragón";2020;"26505.7";"Hombres"
"Aragón";2020;"21365.11";"Mujeres"
"Aragón";2021;"25011.55";"Ambos sexos"
"Aragón";2021;"27389.18";"Hombres"
"Aragón";2021;"22283.81";"Mujeres"
"Aragón";2022;"26012.71";"Ambos sexos"
"Aragón";2022;"28789.96";"Hombres"
"Aragón";2022;"23138.72";"Mujeres"
"Principado de Asturias";2008;"21805.67";"Ambos sexos"
"Principado de Asturias";2008;"24306.27";"Hombres"
"Principado de Asturias";2008;"18452.09";"Mujeres"
"Principado de Asturias";2009;"22597.97";"Ambos sexos"
"Principado de Asturias";2009;"25175.71";"Hombres"
"Principado de Asturias";2009;"19289.76";"Mujeres"
"Principado de Asturias";2010;"22241.39";"Ambos sexos"
"Principado de Asturias";2010;"25170.79";"Hombres"
"Principado de Asturias";2010;"18786.13";"Mujeres"
"Principado de Asturias";2011;"22286.48";"Ambos sexos"
"Principado de Asturias";2011;"25346.39";"Hombres"
"Principado de Asturias";2011;"18721.59";"Mujeres"
"Principado de Asturias";2012;"21750.66";"Ambos sexos"
"Principado de Asturias";2012;"25048.82";"Hombres"
"Principado de Asturias";2012;"18026.01";"Mujeres"
"Principado de Asturias";2013;"21994.99";"Ambos sexos"
"Principado de Asturias";2013;"25500.04";"Hombres"
"Principado de Asturias";2013;"18455.34";"Mujeres"
"Principado de Asturias";2014;"22045.29";"Ambos sexos"
"Principado de Asturias";2014;"25322.01";"Hombres"
"Principado de Asturias";2014;"18400.68";"Mujeres"
"Principado de Asturias";2015;"22826.06";"Ambos sexos"
"Principado de Asturias";2015;"26514.68";"Hombres"
"Principado de Asturias";2015;"18925.34";"Mujeres"
"Principado de Asturias";2016;"23095.83";"Ambos sexos"
"Principado de Asturias";2016;"27010.87";"Hombres"
"Principado de Asturias";2016;"19077.92";"Mujeres"
"Principado de Asturias";2017;"23609.67";"Ambos sexos"
"Principado de Asturias";2017;27849;"Hombres"
"Principado de Asturias";2017;"19426.48";"Mujeres"
"Principado de Asturias";2018;"23914.61";"Ambos sexos"
"Principado de Asturias";2018;"27912.91";"Hombres"
"Principado de Asturias";2018;"19744.94";"Mujeres"
"Principado de Asturias";2019;"24865.89";"Ambos sexos"
"Principado de Asturias";2019;"28481.75";"Hombres"
"Principado de Asturias";2019;"21298.58";"Mujeres"
"Principado de Asturias";2020;"24527.96";"Ambos sexos"
"Principado de Asturias";2020;"27948.09";"Hombres"
"Principado de Asturias";2020;"21308.01";"Mujeres"
"Principado de Asturias";2021;"25046.6";"Ambos sexos"
"Principado de Asturias";2021;"28399.51";"Hombres"
"Principado de Asturias";2021;"21808.96";"Mujeres"
"Principado de Asturias";2022;"26745.93";"Ambos sexos"
"Principado de Asturias";2022;"29573.74";"Hombres"
"Principado de Asturias";2022;"23792.42";"Mujeres"
"Canarias";2008;"18466.99";"Ambos sexos"
"Canarias";2008;"19516.93";"Hombres"
"Canarias";2008;"17131.85";"Mujeres"
"Canarias";2009;"18926.36";"Ambos sexos"
"Canarias";2009;"20109.24";"Hombres"
"Canarias";2009;"17528.33";"Mujeres"
"Canarias";2010;"19315.56";"Ambos sexos"
"Canarias";2010;"20986.94";"Hombres"
"Canarias";2010;"17601.79";"Mujeres"
"Canarias";2011;"19516.96";"Ambos sexos"
"Canarias";2011;"21090.86";"Hombres"
"Canarias";2011;"17824.94";"Mujeres"
"Canarias";2012;"19277.62";"Ambos sexos"
"Canarias";2012;"21089.85";"Hombres"
"Canarias";2012;"17498.71";"Mujeres"
"Canarias";2013;"19167.93";"Ambos sexos"
"Canarias";2013;"20678.43";"Hombres"
"Canarias";2013;"17619.86";"Mujeres"
"Canarias";2014;"19436.48";"Ambos sexos"
"Canarias";2014;"20641.49";"Hombres"
"Canarias";2014;"18201.48";"Mujeres"
"Canarias";2015;"19856.61";"Ambos sexos"
"Canarias";2015;"21336.72";"Hombres"
"Canarias";2015;"18279.76";"Mujeres"
"Canarias";2016;"19749.03";"Ambos sexos"
"Canarias";2016;"21149.44";"Hombres"
"Canarias";2016;"18211.44";"Mujeres"
"Canarias";2017;"20185.33";"Ambos sexos"
"Canarias";2017;"21291.66";"Hombres"
"Canarias";2017;"18917.73";"Mujeres"
"Canarias";2018;"20763.48";"Ambos sexos"
"Canarias";2018;"22333.63";"Hombres"
"Canarias";2018;"19051.01";"Mujeres"
"Canarias";2019;"20861.14";"Ambos sexos"
"Canarias";2019;"22082.69";"Hombres"
"Canarias";2019;"19540.82";"Mujeres"
"Canarias";2020;"21631.17";"Ambos sexos"
"Canarias";2020;"22697.51";"Hombres"
"Canarias";2020;"20461.63";"Mujeres"
"Canarias";2021;"22466.23";"Ambos sexos"
"Canarias";2021;"23619.76";"Hombres"
"Canarias";2021;"21178.57";"Mujeres"
"Canarias";2022;"23096.92";"Ambos sexos"
"Canarias";2022;"23588.7";"Hombres"
"Canarias";2022;"22574.98";"Mujeres"
"Cantabria";2008;"20377.68";"Ambos sexos"
"Cantabria";2008;"22539.72";"Hombres"
"Cantabria";2008;"17460.14";"Mujeres"
"Cantabria";2009;"20869.86";"Ambos sexos"
"Cantabria";2009;22933;"Hombres"
"Cantabria";2009;"18210.65";"Mujeres"
"Cantabria";2010;"21156.79";"Ambos sexos"
"Cantabria";2010;"23924.51";"Hombres"
"Cantabria";2010;"17887.59";"Mujeres"
"Cantabria";2011;"20931.68";"Ambos sexos"
"Cantabria";2011;"23793.64";"Hombres"
"Cantabria";2011;"17606.84";"Mujeres"
"Cantabria";2012;"20191.51";"Ambos sexos"
"Cantabria";2012;"23309.9";"Hombres"
"Cantabria";2012;"16771.99";"Mujeres"
"Cantabria";2013;"20052.12";"Ambos sexos"
"Cantabria";2013;"23224.6";"Hombres"
"Cantabria";2013;"16542.34";"Mujeres"
"Cantabria";2014;"21199.83";"Ambos sexos"
"Cantabria";2014;"24685.21";"Hombres"
"Cantabria";2014;"17668.55";"Mujeres"
"Cantabria";2015;"21856.81";"Ambos sexos"
"Cantabria";2015;"25259.83";"Hombres"
"Cantabria";2015;"17955.79";"Mujeres"
"Cantabria";2016;"22063.02";"Ambos sexos"
"Cantabria";2016;"25210.05";"Hombres"
"Cantabria";2016;"18216.84";"Mujeres"
"Cantabria";2017;"22390.4";"Ambos sexos"
"Cantabria";2017;"25249.94";"Hombres"
"Cantabria";2017;"19012.2";"Mujeres"
"Cantabria";2018;"22554.83";"Ambos sexos"
"Cantabria";2018;"25349.01";"Hombres"
"Cantabria";2018;"19630.01";"Mujeres"
"Cantabria";2019;"23347.52";"Ambos sexos"
"Cantabria";2019;"25795.43";"Hombres"
"Cantabria";2019;"20600.16";"Mujeres"
"Cantabria";2020;"23495.12";"Ambos sexos"
"Cantabria";2020;"25804.13";"Hombres"
"Cantabria";2020;"20996.83";"Mujeres"
"Cantabria";2021;"24470.7";"Ambos sexos"
"Cantabria";2021;"27233.75";"Hombres"
"Cantabria";2021;"21532.96";"Mujeres"
"Cantabria";2022;"25291.14";"Ambos sexos"
"Cantabria";2022;"27820.83";"Hombres"
"Cantabria";2022;"22564.11";"Mujeres"
"Castilla y León";2008;"20218.21";"Ambos sexos"
"Castilla y León";2008;"22117.28";"Hombres"
"Castilla y León";2008;"17573.56";"Mujeres"
"Castilla y León";2009;"21037.13";"Ambos sexos"
"Castilla y León";2009;"23116.47";"Hombres"
"Castilla y León";2009;"18249.87";"Mujeres"
"Castilla y León";2010;"20960.87";"Ambos sexos"
"Castilla y León";2010;"23640.67";"Hombres"
"Castilla y León";2010;"17683.88";"Mujeres"
"Castilla y León";2011;"21029.37";"Ambos sexos"
"Castilla y León";2011;"23482.58";"Hombres"
"Castilla y León";2011;"18193.91";"Mujeres"
"Castilla y León";2012;"20569.14";"Ambos sexos"
"Castilla y León";2012;"23473.82";"Hombres"
"Castilla y León";2012;"17552.07";"Mujeres"
"Castilla y León";2013;"20440.56";"Ambos sexos"
"Castilla y León";2013;23379;"Hombres"
"Castilla y León";2013;"17429.41";"Mujeres"
"Castilla y León";2014;"20524.83";"Ambos sexos"
"Castilla y León";2014;"22904.8";"Hombres"
"Castilla y León";2014;"17682.88";"Mujeres"
"Castilla y León";2015;"21296.1";"Ambos sexos"
"Castilla y León";2015;"24135.64";"Hombres"
"Castilla y León";2015;"18523.74";"Mujeres"
"Castilla y León";2016;"21551.57";"Ambos sexos"
"Castilla y León";2016;"24445.65";"Hombres"
"Castilla y León";2016;"18662.42";"Mujeres"
"Castilla y León";2017;"21846.88";"Ambos sexos"
"Castilla y León";2017;"24782.8";"Hombres"
"Castilla y León";2017;"18796.93";"Mujeres"
"Castilla y León";2018;"22034.53";"Ambos sexos"
"Castilla y León";2018;"24714.04";"Hombres"
"Castilla y León";2018;"19056.53";"Mujeres"
"Castilla y León";2019;"22061.44";"Ambos sexos"
"Castilla y León";2019;"24665.79";"Hombres"
"Castilla y León";2019;"19414.11";"Mujeres"
"Castilla y León";2020;"22948.76";"Ambos sexos"
"Castilla y León";2020;"25549.98";"Hombres"
"Castilla y León";2020;"20314.96";"Mujeres"
"Castilla y León";2021;"23564.33";"Ambos sexos"
"Castilla y León";2021;"26263.49";"Hombres"
"Castilla y León";2021;"20795.39";"Mujeres"
"Castilla y León";2022;"24186.89";"Ambos sexos"
"Castilla y León";2022;"26548.08";"Hombres"
"Castilla y León";2022;"21773.27";"Mujeres"
"Castilla-La Mancha";2008;"19736.37";"Ambos sexos"
"Castilla-La Mancha";2008;"21141.95";"Hombres"
"Castilla-La Mancha";2008;"17562.94";"Mujeres"
"Castilla-La Mancha";2009;"20228.79";"Ambos sexos"
"Castilla-La Mancha";2009;"21980.61";"Hombres"
"Castilla-La Mancha";2009;"17709.92";"Mujeres"
"Castilla-La Mancha";2010;"20363.01";"Ambos sexos"
"Castilla-La Mancha";2010;"22292.84";"Hombres"
"Castilla-La Mancha";2010;17913;"Mujeres"
"Castilla-La Mancha";2011;"20664.9";"Ambos sexos"
"Castilla-La Mancha";2011;"22771.53";"Hombres"
"Castilla-La Mancha";2011;"18001.99";"Mujeres"
"Castilla-La Mancha";2012;"20536.42";"Ambos sexos"
"Castilla-La Mancha";2012;"22810.39";"Hombres"
"Castilla-La Mancha";2012;"17527.3";"Mujeres"
"Castilla-La Mancha";2013;"20630.07";"Ambos sexos"
"Castilla-La Mancha";2013;"23316.59";"Hombres"
"Castilla-La Mancha";2013;"17481.02";"Mujeres"
"Castilla-La Mancha";2014;"20644.88";"Ambos sexos"
"Castilla-La Mancha";2014;"22719.35";"Hombres"
"Castilla-La Mancha";2014;"18157.02";"Mujeres"
"Castilla-La Mancha";2015;"20670.55";"Ambos sexos"
"Castilla-La Mancha";2015;"22765.56";"Hombres"
"Castilla-La Mancha";2015;"18097.55";"Mujeres"
"Castilla-La Mancha";2016;"20825.87";"Ambos sexos"
"Castilla-La Mancha";2016;"22871.41";"Hombres"
"Castilla-La Mancha";2016;"18213.71";"Mujeres"
"Castilla-La Mancha";2017;"21033.32";"Ambos sexos"
"Castilla-La Mancha";2017;"23160.99";"Hombres"
"Castilla-La Mancha";2017;"18327.35";"Mujeres"
"Castilla-La Mancha";2018;"21756.38";"Ambos sexos"
"Castilla-La Mancha";2018;"23960.1";"Hombres"
"Castilla-La Mancha";2018;"19088.87";"Mujeres"
"Castilla-La Mancha";2019;"21908.92";"Ambos sexos"
"Castilla-La Mancha";2019;"23494.17";"Hombres"
"Castilla-La Mancha";2019;"19939.58";"Mujeres"
"Castilla-La Mancha";2020;"22575.01";"Ambos sexos"
"Castilla-La Mancha";2020;"24029.31";"Hombres"
"Castilla-La Mancha";2020;"20761.55";"Mujeres"
"Castilla-La Mancha";2021;"23234.55";"Ambos sexos"
"Castilla-La Mancha";2021;"24897.33";"Hombres"
"Castilla-La Mancha";2021;"21154.58";"Mujeres"
"Castilla-La Mancha";2022;"23751.71";"Ambos sexos"
"Castilla-La Mancha";2022;"25813.23";"Hombres"
"Castilla-La Mancha";2022;"21312.65";"Mujeres"
"Cataluña";2008;"23375.54";"Ambos sexos"
"Cataluña";2008;"26353.89";"Hombres"
"Cataluña";2008;"19928.48";"Mujeres"
"Cataluña";2009;"23851.31";"Ambos sexos"
"Cataluña";2009;"26901.3";"Hombres"
"Cataluña";2009;"20467.14";"Mujeres"
"Cataluña";2010;"24449.19";"Ambos sexos"
"Cataluña";2010;"27601.02";"Hombres"
"Cataluña";2010;"21042.14";"Mujeres"
"Cataluña";2011;"24499.32";"Ambos sexos"
"Cataluña";2011;"28025.61";"Hombres"
"Cataluña";2011;"20799.94";"Mujeres"
"Cataluña";2012;"24436.39";"Ambos sexos"
"Cataluña";2012;"27836.4";"Hombres"
"Cataluña";2012;"20931.07";"Mujeres"
"Cataluña";2013;"24253.73";"Ambos sexos"
"Cataluña";2013;"27684.3";"Hombres"
"Cataluña";2013;"20740.55";"Mujeres"
"Cataluña";2014;"23927.17";"Ambos sexos"
"Cataluña";2014;"27447.71";"Hombres"
"Cataluña";2014;"20324.88";"Mujeres"
"Cataluña";2015;"24321.57";"Ambos sexos"
"Cataluña";2015;"27514.06";"Hombres"
"Cataluña";2015;"20946.56";"Mujeres"
"Cataluña";2016;"24454.64";"Ambos sexos"
"Cataluña";2016;"27572.76";"Hombres"
"Cataluña";2016;"21110.34";"Mujeres"
"Cataluña";2017;"25180.45";"Ambos sexos"
"Cataluña";2017;"28323.31";"Hombres"
"Cataluña";2017;"21801.47";"Mujeres"
"Cataluña";2018;"25552.84";"Ambos sexos"
"Cataluña";2018;"28640.23";"Hombres"
"Cataluña";2018;"22289.9";"Mujeres"
"Cataluña";2019;"25968.2";"Ambos sexos"
"Cataluña";2019;"28965.38";"Hombres"
"Cataluña";2019;"22988.22";"Mujeres"
"Cataluña";2020;"27100.11";"Ambos sexos"
"Cataluña";2020;"30003.62";"Hombres"
"Cataluña";2020;"24096.69";"Mujeres"
"Cataluña";2021;"28145.02";"Ambos sexos"
"Cataluña";2021;"31212.67";"Hombres"
"Cataluña";2021;"25015.94";"Mujeres"
"Cataluña";2022;"28774.55";"Ambos sexos"
"Cataluña";2022;"31878.42";"Hombres"
"Cataluña";2022;"25659.03";"Mujeres"
"Comunidad de Madrid";2008;"25269.61";"Ambos sexos"
"Comunidad de Madrid";2008;"28228.42";"Hombres"
"Comunidad de Madrid";2008;"21787.75";"Mujeres"
"Comunidad de Madrid";2009;"25860.65";"Ambos sexos"
"Comunidad de Madrid";2009;"29333.06";"Hombres"
"Comunidad de Madrid";2009;"22048.25";"Mujeres"
"Comunidad de Madrid";2010;"25988.95";"Ambos sexos"
"Comunidad de Madrid";2010;"29016.28";"Hombres"
"Comunidad de Madrid";2010;"22721.17";"Mujeres"
"Comunidad de Madrid";2011;"25845.2";"Ambos sexos"
"Comunidad de Madrid";2011;"28896.67";"Hombres"
"Comunidad de Madrid";2011;"22585.38";"Mujeres"
"Comunidad de Madrid";2012;"26044.39";"Ambos sexos"
"Comunidad de Madrid";2012;"29116.2";"Hombres"
"Comunidad de Madrid";2012;"22841.15";"Mujeres"
"Comunidad de Madrid";2013;"26215.36";"Ambos sexos"
"Comunidad de Madrid";2013;"29224.3";"Hombres"
"Comunidad de Madrid";2013;"22959.28";"Mujeres"
"Comunidad de Madrid";2014;"26570.35";"Ambos sexos"
"Comunidad de Madrid";2014;"29734.23";"Hombres"
"Comunidad de Madrid";2014;"23326.94";"Mujeres"
"Comunidad de Madrid";2015;"26448.04";"Ambos sexos"
"Comunidad de Madrid";2015;"29314.09";"Hombres"
"Comunidad de Madrid";2015;"23470.06";"Mujeres"
"Comunidad de Madrid";2016;"26330.14";"Ambos sexos"
"Comunidad de Madrid";2016;"29111.2";"Hombres"
"Comunidad de Madrid";2016;"23371.33";"Mujeres"
"Comunidad de Madrid";2017;"27089.12";"Ambos sexos"
"Comunidad de Madrid";2017;"29910.43";"Hombres"
"Comunidad de Madrid";2017;"24029.31";"Mujeres"
"Comunidad de Madrid";2018;"27010.93";"Ambos sexos"
"Comunidad de Madrid";2018;"29816.34";"Hombres"
"Comunidad de Madrid";2018;"23925.99";"Mujeres"
"Comunidad de Madrid";2019;"27817.76";"Ambos sexos"
"Comunidad de Madrid";2019;"30530.89";"Hombres"
"Comunidad de Madrid";2019;"24873.79";"Mujeres"
"Comunidad de Madrid";2020;"28829.06";"Ambos sexos"
"Comunidad de Madrid";2020;"31495.31";"Hombres"
"Comunidad de Madrid";2020;"25900.29";"Mujeres"
"Comunidad de Madrid";2021;"29512.58";"Ambos sexos"
"Comunidad de Madrid";2021;"32213.88";"Hombres"
"Comunidad de Madrid";2021;"26578.07";"Mujeres"
"Comunidad de Madrid";2022;"31230.73";"Ambos sexos"
"Comunidad de Madrid";2022;"34113.4";"Hombres"
"Comunidad de Madrid";2022;"28123.47";"Mujeres"
"Comunitat Valenciana";2008;"19793.62";"Ambos sexos"
"Comunitat Valenciana";2008;"22039.14";"Hombres"
"Comunitat Valenciana";2008;"16929.69";"Mujeres"
"Comunitat Valenciana";2009;"20489.79";"Ambos sexos"
"Comunitat Valenciana";2009;"22951.64";"Hombres"
"Comunitat Valenciana";2009;"17426.72";"Mujeres"
"Comunitat Valenciana";2010;"20707.24";"Ambos sexos"
"Comunitat Valenciana";2010;"23331.71";"Hombres"
"Comunitat Valenciana";2010;"17776.59";"Mujeres"
"Comunitat Valenciana";2011;"21316.34";"Ambos sexos"
"Comunitat Valenciana";2011;"24171.87";"Hombres"
"Comunitat Valenciana";2011;"18052.49";"Mujeres"
"Comunitat Valenciana";2012;"21223.72";"Ambos sexos"
"Comunitat Valenciana";2012;"24289.23";"Hombres"
"Comunitat Valenciana";2012;"17870.88";"Mujeres"
"Comunitat Valenciana";2013;"20878.02";"Ambos sexos"
"Comunitat Valenciana";2013;"23651.4";"Hombres"
"Comunitat Valenciana";2013;"17918.36";"Mujeres"
"Comunitat Valenciana";2014;"20639.58";"Ambos sexos"
"Comunitat Valenciana";2014;"23479.71";"Hombres"
"Comunitat Valenciana";2014;"17511.66";"Mujeres"
"Comunitat Valenciana";2015;"20935.41";"Ambos sexos"
"Comunitat Valenciana";2015;"23919.14";"Hombres"
"Comunitat Valenciana";2015;"17811.38";"Mujeres"
"Comunitat Valenciana";2016;"21168.81";"Ambos sexos"
"Comunitat Valenciana";2016;"23672.18";"Hombres"
"Comunitat Valenciana";2016;"18349.52";"Mujeres"
"Comunitat Valenciana";2017;"21362.39";"Ambos sexos"
"Comunitat Valenciana";2017;"23867.74";"Hombres"
"Comunitat Valenciana";2017;"18523.81";"Mujeres"
"Comunitat Valenciana";2018;"22121.05";"Ambos sexos"
"Comunitat Valenciana";2018;"24537.07";"Hombres"
"Comunitat Valenciana";2018;"19235.72";"Mujeres"
"Comunitat Valenciana";2019;"22045.66";"Ambos sexos"
"Comunitat Valenciana";2019;"24499.53";"Hombres"
"Comunitat Valenciana";2019;"19314.58";"Mujeres"
"Comunitat Valenciana";2020;"22856.7";"Ambos sexos"
"Comunitat Valenciana";2020;"25239.04";"Hombres"
"Comunitat Valenciana";2020;"20165.73";"Mujeres"
"Comunitat Valenciana";2021;"23448.29";"Ambos sexos"
"Comunitat Valenciana";2021;"25914.86";"Hombres"
"Comunitat Valenciana";2021;"20670.5";"Mujeres"
"Comunitat Valenciana";2022;"24510.34";"Ambos sexos"
"Comunitat Valenciana";2022;"26683.85";"Hombres"
"Comunitat Valenciana";2022;"22135.35";"Mujeres"
"Extremadura";2008;"18264.9";"Ambos sexos"
"Extremadura";2008;"19390.41";"Hombres"
"Extremadura";2008;"16623.4";"Mujeres"
"Extremadura";2009;"19099.56";"Ambos sexos"
"Extremadura";2009;"20207.93";"Hombres"
"Extremadura";2009;"17549.86";"Mujeres"
"Extremadura";2010;"19480.55";"Ambos sexos"
"Extremadura";2010;"20787.03";"Hombres"
"Extremadura";2010;"17876.85";"Mujeres"
"Extremadura";2011;"19879.46";"Ambos sexos"
"Extremadura";2011;"21318.32";"Hombres"
"Extremadura";2011;"18060.8";"Mujeres"
"Extremadura";2012;"19721.35";"Ambos sexos"
"Extremadura";2012;"21585.3";"Hombres"
"Extremadura";2012;"17401.9";"Mujeres"
"Extremadura";2013;"19129.72";"Ambos sexos"
"Extremadura";2013;"21780.9";"Hombres"
"Extremadura";2013;"16304.55";"Mujeres"
"Extremadura";2014;"19180.57";"Ambos sexos"
"Extremadura";2014;"20829.72";"Hombres"
"Extremadura";2014;"17413.85";"Mujeres"
"Extremadura";2015;"19564.49";"Ambos sexos"
"Extremadura";2015;"21813.81";"Hombres"
"Extremadura";2015;"17304.65";"Mujeres"
"Extremadura";2016;"19475.2";"Ambos sexos"
"Extremadura";2016;"21554.75";"Hombres"
"Extremadura";2016;"17360.28";"Mujeres"
"Extremadura";2017;"19672.4";"Ambos sexos"
"Extremadura";2017;"21585.18";"Hombres"
"Extremadura";2017;"17722.29";"Mujeres"
"Extremadura";2018;"19947.8";"Ambos sexos"
"Extremadura";2018;"21794.57";"Hombres"
"Extremadura";2018;"17972.63";"Mujeres"
"Extremadura";2019;"19940.68";"Ambos sexos"
"Extremadura";2019;"21823.73";"Hombres"
"Extremadura";2019;"18012.58";"Mujeres"
"Extremadura";2020;"20479.3";"Ambos sexos"
"Extremadura";2020;"22071.78";"Hombres"
"Extremadura";2020;"18791.05";"Mujeres"
"Extremadura";2021;"21393.01";"Ambos sexos"
"Extremadura";2021;"22794.52";"Hombres"
"Extremadura";2021;"19833.03";"Mujeres"
"Extremadura";2022;"21922.73";"Ambos sexos"
"Extremadura";2022;"23170.92";"Hombres"
"Extremadura";2022;"20637.14";"Mujeres"
"Galicia";2008;"19156.41";"Ambos sexos"
"Galicia";2008;"21105.6";"Hombres"
"Galicia";2008;"16646.42";"Mujeres"
"Galicia";2009;"19806.66";"Ambos sexos"
"Galicia";2009;"21829.8";"Hombres"
"Galicia";2009;"17342.32";"Mujeres"
"Galicia";2010;"20241.99";"Ambos sexos"
"Galicia";2010;"22626.21";"Hombres"
"Galicia";2010;"17691.11";"Mujeres"
"Galicia";2011;"19970.29";"Ambos sexos"
"Galicia";2011;"22381.85";"Hombres"
"Galicia";2011;"17291.96";"Mujeres"
"Galicia";2012;"19389.2";"Ambos sexos"
"Galicia";2012;"22059.69";"Hombres"
"Galicia";2012;"16727.15";"Mujeres"
"Galicia";2013;"19824.66";"Ambos sexos"
"Galicia";2013;"22522.55";"Hombres"
"Galicia";2013;"17258.21";"Mujeres"
"Galicia";2014;"20195.89";"Ambos sexos"
"Galicia";2014;"22505.05";"Hombres"
"Galicia";2014;"17797.03";"Mujeres"
"Galicia";2015;"20624.55";"Ambos sexos"
"Galicia";2015;"23189.76";"Hombres"
"Galicia";2015;"18093.26";"Mujeres"
"Galicia";2016;"21082.12";"Ambos sexos"
"Galicia";2016;"23774.21";"Hombres"
"Galicia";2016;"18294.47";"Mujeres"
"Galicia";2017;"21605.88";"Ambos sexos"
"Galicia";2017;"24321.64";"Hombres"
"Galicia";2017;"18833.53";"Mujeres"
"Galicia";2018;"22244.59";"Ambos sexos"
"Galicia";2018;"24826.91";"Hombres"
"Galicia";2018;"19543.17";"Mujeres"
"Galicia";2019;"22177.4";"Ambos sexos"
"Galicia";2019;"24542.83";"Hombres"
"Galicia";2019;"19818.26";"Mujeres"
"Galicia";2020;"22834.66";"Ambos sexos"
"Galicia";2020;"25276.16";"Hombres"
"Galicia";2020;"20446.53";"Mujeres"
"Galicia";2021;"23305.86";"Ambos sexos"
"Galicia";2021;"25794.19";"Hombres"
"Galicia";2021;"20904.37";"Mujeres"
"Galicia";2022;"24169.68";"Ambos sexos"
"Galicia";2022;"26626.89";"Hombres"
"Galicia";2022;"21912.75";"Mujeres"
"Illes Balears";2008;"20388.09";"Ambos sexos"
"Illes Balears";2008;"22253.73";"Hombres"
"Illes Balears";2008;"18159.78";"Mujeres"
"Illes Balears";2009;"21070.14";"Ambos sexos"
"Illes Balears";2009;"23285.93";"Hombres"
"Illes Balears";2009;"18702.72";"Mujeres"
"Illes Balears";2010;"21613.6";"Ambos sexos"
"Illes Balears";2010;"23213.04";"Hombres"
"Illes Balears";2010;"19812.19";"Mujeres"
"Illes Balears";2011;21351;"Ambos sexos"
"Illes Balears";2011;"23188.8";"Hombres"
"Illes Balears";2011;"19377.39";"Mujeres"
"Illes Balears";2012;"20960.53";"Ambos sexos"
"Illes Balears";2012;"22859.04";"Hombres"
"Illes Balears";2012;"19022.24";"Mujeres"
"Illes Balears";2013;"20776.29";"Ambos sexos"
"Illes Balears";2013;"22584.78";"Hombres"
"Illes Balears";2013;"18998.37";"Mujeres"
"Illes Balears";2014;"21322.08";"Ambos sexos"
"Illes Balears";2014;"23770.56";"Hombres"
"Illes Balears";2014;"19008.38";"Mujeres"
"Illes Balears";2015;"21395.42";"Ambos sexos"
"Illes Balears";2015;"23411.35";"Hombres"
"Illes Balears";2015;"19517.28";"Mujeres"
"Illes Balears";2016;"21478.34";"Ambos sexos"
"Illes Balears";2016;"23286.85";"Hombres"
"Illes Balears";2016;"19702.6";"Mujeres"
"Illes Balears";2017;"22036.46";"Ambos sexos"
"Illes Balears";2017;"23538.43";"Hombres"
"Illes Balears";2017;"20465.58";"Mujeres"
"Illes Balears";2018;"22800.87";"Ambos sexos"
"Illes Balears";2018;"24437.58";"Hombres"
"Illes Balears";2018;"21085.74";"Mujeres"
"Illes Balears";2019;"23325.33";"Ambos sexos"
"Illes Balears";2019;"24914.51";"Hombres"
"Illes Balears";2019;"21631.07";"Mujeres"
"Illes Balears";2020;"23881.42";"Ambos sexos"
"Illes Balears";2020;"25699.53";"Hombres"
"Illes Balears";2020;"21998.23";"Mujeres"
"Illes Balears";2021;"24134.73";"Ambos sexos"
"Illes Balears";2021;"25898.51";"Hombres"
"Illes Balears";2021;"22344.76";"Mujeres"
"Illes Balears";2022;"27145.79";"Ambos sexos"
"Illes Balears";2022;"28155.99";"Hombres"
"Illes Balears";2022;"26054.2";"Mujeres"
"La Rioja";2008;"20674.16";"Ambos sexos"
"La Rioja";2008;"22549.68";"Hombres"
"La Rioja";2008;"18364.2";"Mujeres"
"La Rioja";2009;"21179.93";"Ambos sexos"
"La Rioja";2009;23240;"Hombres"
"La Rioja";2009;"18702.22";"Mujeres"
"La Rioja";2010;"21035.86";"Ambos sexos"
"La Rioja";2010;"23641.44";"Hombres"
"La Rioja";2010;"18131.05";"Mujeres"
"La Rioja";2011;"20996.76";"Ambos sexos"
"La Rioja";2011;"23512.09";"Hombres"
"La Rioja";2011;"18328.41";"Mujeres"
"La Rioja";2012;"20346.24";"Ambos sexos"
"La Rioja";2012;"23097.08";"Hombres"
"La Rioja";2012;"17486.66";"Mujeres"
"La Rioja";2013;"20628.81";"Ambos sexos"
"La Rioja";2013;"23641.12";"Hombres"
"La Rioja";2013;"17435.56";"Mujeres"
"La Rioja";2014;"21954.1";"Ambos sexos"
"La Rioja";2014;"24814.25";"Hombres"
"La Rioja";2014;"18959.85";"Mujeres"
"La Rioja";2015;"21756.79";"Ambos sexos"
"La Rioja";2015;"24532.64";"Hombres"
"La Rioja";2015;"18762.15";"Mujeres"
"La Rioja";2016;"21999.02";"Ambos sexos"
"La Rioja";2016;"24653.37";"Hombres"
"La Rioja";2016;"19047.2";"Mujeres"
"La Rioja";2017;"22234.21";"Ambos sexos"
"La Rioja";2017;"24820.49";"Hombres"
"La Rioja";2017;"19353.55";"Mujeres"
"La Rioja";2018;"22641.17";"Ambos sexos"
"La Rioja";2018;"25593.27";"Hombres"
"La Rioja";2018;"19770.93";"Mujeres"
"La Rioja";2019;"22877.13";"Ambos sexos"
"La Rioja";2019;"25342.99";"Hombres"
"La Rioja";2019;"20377.23";"Mujeres"
"La Rioja";2020;"23292.63";"Ambos sexos"
"La Rioja";2020;"25664.88";"Hombres"
"La Rioja";2020;"20959.44";"Mujeres"
"La Rioja";2021;"23716.88";"Ambos sexos"
"La Rioja";2021;"26488.06";"Hombres"
"La Rioja";2021;"21135.77";"Mujeres"
"La Rioja";2022;"24903.38";"Ambos sexos"
"La Rioja";2022;"27741.6";"Hombres"
"La Rioja";2022;"22264.39";"Mujeres"
"Comunidad Foral de Navarra";2008;"23342.74";"Ambos sexos"
"Comunidad Foral de Navarra";2008;"26635.75";"Hombres"
"Comunidad Foral de Navarra";2008;"19212.76";"Mujeres"
"Comunidad Foral de Navarra";2009;"23657.71";"Ambos sexos"
"Comunidad Foral de Navarra";2009;"26755.77";"Hombres"
"Comunidad Foral de Navarra";2009;"19487.55";"Mujeres"
"Comunidad Foral de Navarra";2010;"23824.88";"Ambos sexos"
"Comunidad Foral de Navarra";2010;"26982.49";"Hombres"
"Comunidad Foral de Navarra";2010;"19927.15";"Mujeres"
"Comunidad Foral de Navarra";2011;"24384.92";"Ambos sexos"
"Comunidad Foral de Navarra";2011;"27834.48";"Hombres"
"Comunidad Foral de Navarra";2011;"19977.24";"Mujeres"
"Comunidad Foral de Navarra";2012;"23784.38";"Ambos sexos"
"Comunidad Foral de Navarra";2012;"27632.8";"Hombres"
"Comunidad Foral de Navarra";2012;"19462.13";"Mujeres"
"Comunidad Foral de Navarra";2013;"23836.93";"Ambos sexos"
"Comunidad Foral de Navarra";2013;"27848.15";"Hombres"
"Comunidad Foral de Navarra";2013;"19364.43";"Mujeres"
"Comunidad Foral de Navarra";2014;"24700.78";"Ambos sexos"
"Comunidad Foral de Navarra";2014;"28659.74";"Hombres"
"Comunidad Foral de Navarra";2014;"20163.1";"Mujeres"
"Comunidad Foral de Navarra";2015;"24863.98";"Ambos sexos"
"Comunidad Foral de Navarra";2015;"28727.37";"Hombres"
"Comunidad Foral de Navarra";2015;"20563.08";"Mujeres"
"Comunidad Foral de Navarra";2016;"25468.38";"Ambos sexos"
"Comunidad Foral de Navarra";2016;"29098.99";"Hombres"
"Comunidad Foral de Navarra";2016;20946;"Mujeres"
"Comunidad Foral de Navarra";2017;"26329.79";"Ambos sexos"
"Comunidad Foral de Navarra";2017;"29699.1";"Hombres"
"Comunidad Foral de Navarra";2017;"21898.57";"Mujeres"
"Comunidad Foral de Navarra";2018;"26364.75";"Ambos sexos"
"Comunidad Foral de Navarra";2018;"29546.12";"Hombres"
"Comunidad Foral de Navarra";2018;"22697.59";"Mujeres"
"Comunidad Foral de Navarra";2019;"27493.93";"Ambos sexos"
"Comunidad Foral de Navarra";2019;"30564.9";"Hombres"
"Comunidad Foral de Navarra";2019;"23728.82";"Mujeres"
"Comunidad Foral de Navarra";2020;"27995.96";"Ambos sexos"
"Comunidad Foral de Navarra";2020;"31317.91";"Hombres"
"Comunidad Foral de Navarra";2020;"24047.13";"Mujeres"
"Comunidad Foral de Navarra";2021;"28459.37";"Ambos sexos"
"Comunidad Foral de Navarra";2021;"31643.22";"Hombres"
"Comunidad Foral de Navarra";2021;"24809.14";"Mujeres"
"Comunidad Foral de Navarra";2022;"29189.52";"Ambos sexos"
"Comunidad Foral de Navarra";2022;"31959.85";"Hombres"
"Comunidad Foral de Navarra";2022;"26033.3";"Mujeres"
"País Vasco";2008;"25547.13";"Ambos sexos"
"País Vasco";2008;28264;"Hombres"
"País Vasco";2008;"21766.07";"Mujeres"
"País Vasco";2009;"26162.45";"Ambos sexos"
"País Vasco";2009;"28889.92";"Hombres"
"País Vasco";2009;"22502.47";"Mujeres"
"País Vasco";2010;"26593.7";"Ambos sexos"
"País Vasco";2010;"29708.66";"Hombres"
"País Vasco";2010;"22706.1";"Mujeres"
"País Vasco";2011;"26370.36";"Ambos sexos"
"País Vasco";2011;"29492.66";"Hombres"
"País Vasco";2011;"22449.59";"Mujeres"
"País Vasco";2012;"26535.61";"Ambos sexos"
"País Vasco";2012;"30084.89";"Hombres"
"País Vasco";2012;"22313.41";"Mujeres"
"País Vasco";2013;"26915.07";"Ambos sexos"
"País Vasco";2013;"30312.55";"Hombres"
"País Vasco";2013;"22687.39";"Mujeres"
"País Vasco";2014;"27786.57";"Ambos sexos"
"País Vasco";2014;31271;"Hombres"
"País Vasco";2014;"23781.55";"Mujeres"
"País Vasco";2015;"27571.31";"Ambos sexos"
"País Vasco";2015;"31088.99";"Hombres"
"País Vasco";2015;"23537.06";"Mujeres"
"País Vasco";2016;"27480.71";"Ambos sexos"
"País Vasco";2016;"31001.21";"Hombres"
"País Vasco";2016;"23428.18";"Mujeres"
"País Vasco";2017;"28204.49";"Ambos sexos"
"País Vasco";2017;"31618.97";"Hombres"
"País Vasco";2017;"24165.97";"Mujeres"
"País Vasco";2018;"28470.94";"Ambos sexos"
"País Vasco";2018;"31970.3";"Hombres"
"País Vasco";2018;"24757.18";"Mujeres"
"País Vasco";2019;"29476.21";"Ambos sexos"
"País Vasco";2019;"32529.17";"Hombres"
"País Vasco";2019;"26197.62";"Mujeres"
"País Vasco";2020;"30224.16";"Ambos sexos"
"País Vasco";2020;"33040.1";"Hombres"
"País Vasco";2020;"27125.9";"Mujeres"
"País Vasco";2021;"31063.68";"Ambos sexos"
"País Vasco";2021;"33706.34";"Hombres"
"País Vasco";2021;"28084.16";"Mujeres"
"País Vasco";2022;"32313.73";"Ambos sexos"
"País Vasco";2022;"35095.67";"Hombres"
"País Vasco";2022;"29314.69";"Mujeres"
"Región de Murcia";2008;"18911.75";"Ambos sexos"
"Región de Murcia";2008;"21174.93";"Hombres"
"Región de Murcia";2008;"16020.2";"Mujeres"
"Región de Murcia";2009;"20430.4";"Ambos sexos"
"Región de Murcia";2009;"22628.62";"Hombres"
"Región de Murcia";2009;"17384.95";"Mujeres"
"Región de Murcia";2010;"20863.37";"Ambos sexos"
"Región de Murcia";2010;"23482.48";"Hombres"
"Región de Murcia";2010;"17838.28";"Mujeres"
"Región de Murcia";2011;"21077.49";"Ambos sexos"
"Región de Murcia";2011;"23460.47";"Hombres"
"Región de Murcia";2011;"18053.61";"Mujeres"
"Región de Murcia";2012;"20682.01";"Ambos sexos"
"Región de Murcia";2012;"23487.03";"Hombres"
"Región de Murcia";2012;"17457.52";"Mujeres"
"Región de Murcia";2013;"20449.83";"Ambos sexos"
"Región de Murcia";2013;"23428.23";"Hombres"
"Región de Murcia";2013;"16957.29";"Mujeres"
"Región de Murcia";2014;"20717.07";"Ambos sexos"
"Región de Murcia";2014;"23419.03";"Hombres"
"Región de Murcia";2014;"17500.99";"Mujeres"
"Región de Murcia";2015;"20928.98";"Ambos sexos"
"Región de Murcia";2015;"23773.09";"Hombres"
"Región de Murcia";2015;"17540.27";"Mujeres"
"Región de Murcia";2016;"21242.5";"Ambos sexos"
"Región de Murcia";2016;"23947.99";"Hombres"
"Región de Murcia";2016;"18033.05";"Mujeres"
"Región de Murcia";2017;"21309.22";"Ambos sexos"
"Región de Murcia";2017;"24009.22";"Hombres"
"Región de Murcia";2017;"18048.37";"Mujeres"
"Región de Murcia";2018;"21510.59";"Ambos sexos"
"Región de Murcia";2018;"23670.24";"Hombres"
"Región de Murcia";2018;"18598.64";"Mujeres"
"Región de Murcia";2019;"22123.99";"Ambos sexos"
"Región de Murcia";2019;"24289.41";"Hombres"
"Región de Murcia";2019;"19431.25";"Mujeres"
"Región de Murcia";2020;"22919.62";"Ambos sexos"
"Región de Murcia";2020;"25227.26";"Hombres"
"Región de Murcia";2020;"20007.14";"Mujeres"
"Región de Murcia";2021;"23281.39";"Ambos sexos"
"Región de Murcia";2021;"25674.66";"Hombres"
"Región de Murcia";2021;"20189.83";"Mujeres"
"Región de Murcia";2022;"23851.69";"Ambos sexos"
"Región de Murcia";2022;"26240.66";"Hombres"
"Región de Murcia";2022;"20956.37";"Mujeres"
"Total Nacional";2008;"21883.42";"Ambos sexos"
"Total Nacional";2008;"24203.33";"Hombres"
"Total Nacional";2008;"18910.62";"Mujeres"
"Total Nacional";2009;"22511.47";"Ambos sexos"
"Total Nacional";2009;"25001.05";"Hombres"
"Total Nacional";2009;"19502.02";"Mujeres"
"Total Nacional";2010;"22790.2";"Ambos sexos"
"Total Nacional";2010;"25479.74";"Hombres"
"Total Nacional";2010;"19735.22";"Mujeres"
"Total Nacional";2011;"22899.35";"Ambos sexos"
"Total Nacional";2011;"25667.89";"Hombres"
"Total Nacional";2011;"19767.59";"Mujeres"
"Total Nacional";2012;"22726.44";"Ambos sexos"
"Total Nacional";2012;"25682.05";"Hombres"
"Total Nacional";2012;"19537.33";"Mujeres"
"Total Nacional";2013;"22697.86";"Ambos sexos"
"Total Nacional";2013;"25675.17";"Hombres"
"Total Nacional";2013;"19514.58";"Mujeres"
"Total Nacional";2014;"22858.17";"Ambos sexos"
"Total Nacional";2014;"25727.24";"Hombres"
"Total Nacional";2014;"19744.82";"Mujeres"
"Total Nacional";2015;"23106.3";"Ambos sexos"
"Total Nacional";2015;"25992.76";"Hombres"
"Total Nacional";2015;"20051.58";"Mujeres"
"Total Nacional";2016;"23156.34";"Ambos sexos"
"Total Nacional";2016;"25924.43";"Hombres"
"Total Nacional";2016;"20131.41";"Mujeres"
"Total Nacional";2017;"23646.5";"Ambos sexos"
"Total Nacional";2017;"26391.84";"Hombres"
"Total Nacional";2017;"20607.85";"Mujeres"
"Total Nacional";2018;"24009.12";"Ambos sexos"
"Total Nacional";2018;"26738.19";"Hombres"
"Total Nacional";2018;"21011.89";"Mujeres"
"Total Nacional";2019;"24395.98";"Ambos sexos"
"Total Nacional";2019;"26934.38";"Hombres"
"Total Nacional";2019;"21682.02";"Mujeres"
"Total Nacional";2020;"25165.51";"Ambos sexos"
"Total Nacional";2020;"27642.52";"Hombres"
"Total Nacional";2020;"22467.48";"Mujeres"
"Total Nacional";2021;"25896.82";"Ambos sexos"
"Total Nacional";2021;"28388.69";"Hombres"
"Total Nacional";2021;"23175.95";"Mujeres"
"Total Nacional";2022;"26948.87";"Ambos sexos"
"Total Nacional";2022;"29381.84";"Hombres"
"Total Nacional";2022;"24359.82";"Mujeres"
